last update,cowls,Unnamed: 2,robes,Unnamed: 4,sandals,Unnamed: 6,hoods,Unnamed: 8,jackets,Unnamed: 10,shoes,Unnamed: 12,helmets,Unnamed: 14,armors,Unnamed: 16,boots,Unnamed: 18,shapeshifters,Unnamed: 20
2025-02-14 21:33:09,item,price,item,price,item,price,item,price,item,price,item,price,item,price,item,price,item,price,item,price
,scholar cowl_4_0,1602,scholar robe_4_0,4475,scholar sandals_4_0,2848,mercenary hood_4_0,2314,mercenary jacket_4_0,3580,mercenary shoes_4_0,2492,soldier helmet_4_0,1157,soldier armor_4_0,5012,soldier boots_4_0,1958,prowling staff_4_0,177429
,scholar cowl_4_1,1432,scholar robe_4_1,5355,scholar sandals_4_1,4833,mercenary hood_4_1,3043,mercenary jacket_4_1,5712,mercenary shoes_4_1,4475,soldier helmet_4_1,1969,soldier armor_4_1,8925,soldier boots_4_1,4296,prowling staff_4_1,97104
,scholar cowl_4_2,10710,scholar robe_4_2,25704,scholar sandals_4_2,12138,mercenary hood_4_2,6069,mercenary jacket_4_2,17136,mercenary shoes_4_2,5712,soldier helmet_4_2,7140,soldier armor_4_2,16422,soldier boots_4_2,2499,prowling staff_4_2,271510
,scholar cowl_5_0,5728,scholar robe_5_0,11424,scholar sandals_5_0,7697,mercenary hood_5_0,7876,mercenary jacket_5_0,13923,mercenary shoes_5_0,3222,soldier helmet_5_0,5728,soldier armor_5_0,14280,soldier boots_5_0,7518,prowling staff_5_0,248472
,scholar cowl_5_1,9639,scholar robe_5_1,22134,scholar sandals_5_1,16779,mercenary hood_5_1,8568,mercenary jacket_5_1,29988,mercenary shoes_5_1,12852,soldier helmet_5_1,10353,soldier armor_5_1,13566,soldier boots_5_1,7854,prowling staff_5_1,362966
,scholar cowl_5_2,14994,scholar robe_5_2,64305,scholar sandals_5_2,44268,mercenary hood_5_2,41412,mercenary jacket_5_2,10003,mercenary shoes_5_2,60690,soldier helmet_5_2,18564,soldier armor_5_2,65734,soldier boots_5_2,43554,prowling staff_5_2,357250
,scholar cowl_6_0,17850,scholar robe_6_0,36414,scholar sandals_6_0,27846,mercenary hood_6_0,29274,mercenary jacket_6_0,50694,mercenary shoes_6_0,28203,soldier helmet_6_0,16422,soldier armor_6_0,48552,soldier boots_6_0,23919,prowling staff_6_0,417268
,scholar cowl_6_1,30702,scholar robe_6_1,24293,scholar sandals_6_1,45696,mercenary hood_6_1,54264,mercenary jacket_6_1,101459,mercenary shoes_6_1,56406,soldier helmet_6_1,20706,soldier armor_6_1,92885,soldier boots_6_1,47124,prowling staff_6_1,382972
,scholar cowl_6_2,110033,scholar robe_6_2,248646,scholar sandals_6_2,148616,mercenary hood_6_2,105746,mercenary jacket_6_2,322954,mercenary shoes_6_2,152903,soldier helmet_6_2,111462,soldier armor_6_2,357250,soldier boots_6_2,157190,prowling staff_6_2,920276
,scholar cowl_7_0,32130,scholar robe_7_0,125752,scholar sandals_7_0,67116,mercenary hood_7_0,79968,mercenary jacket_7_0,148616,mercenary shoes_7_0,74256,soldier helmet_7_0,57834,soldier armor_7_0,122894,soldier boots_7_0,68544,prowling staff_7_0,537304
,scholar cowl_7_1,120036,scholar robe_7_1,265794,scholar sandals_7_1,178625,mercenary hood_7_1,161477,mercenary jacket_7_1,277226,mercenary shoes_7_1,178625,soldier helmet_7_1,178625,soldier armor_7_1,154332,soldier boots_7_1,131468,prowling staff_7_1,994584
,scholar cowl_7_2,294374,scholar robe_7_2,114320,scholar sandals_7_2,220066,mercenary hood_7_2,77166,mercenary jacket_7_2,611612,mercenary shoes_7_2,365824,soldier helmet_7_2,260078,soldier armor_7_2,657340,soldier boots_7_2,425842,prowling staff_7_2,1760374
,scholar cowl_8_0,101459,scholar robe_8_0,231498,scholar sandals_8_0,120036,mercenary hood_8_0,170051,mercenary jacket_8_0,320096,mercenary shoes_8_0,152903,soldier helmet_8_0,114320,soldier armor_8_0,151474,soldier boots_8_0,110033,prowling staff_8_0,583032
,scholar cowl_8_1,297232,scholar robe_8_1,188628,scholar sandals_8_1,348676,mercenary hood_8_1,248646,mercenary jacket_8_1,605896,mercenary shoes_8_1,337244,soldier helmet_8_1,28580,soldier armor_8_1,348676,soldier boots_8_1,314522,prowling staff_8_1,2114735
,scholar cowl_8_2,874548,scholar robe_8_2,331499,scholar sandals_8_2,543020,mercenary hood_8_2,508724,mercenary jacket_8_2,1360289,mercenary shoes_8_2,908844,soldier helmet_8_2,703068,soldier armor_8_2,708722,soldier boots_8_2,634476,prowling staff_8_2,2491958
,cleric cowl_4_0,2314,cleric robe_4_0,3222,cleric sandals_4_0,3026,hunter hood_4_0,1691,hunter jacket_4_0,5191,hunter shoes_4_0,2759,knight helmet_4_0,2136,knight armor_4_0,3938,knight boots_4_0,1335,rootbound staff_4_0,73542
,cleric cowl_4_1,2685,cleric robe_4_1,6426,cleric sandals_4_1,5191,hunter hood_4_1,2506,hunter jacket_4_1,9639,hunter shoes_4_1,2685,knight helmet_4_1,2685,knight armor_4_1,3927,knight boots_4_1,5549,rootbound staff_4_1,74970
,cleric cowl_4_2,12852,cleric robe_4_2,24276,cleric sandals_4_2,23919,hunter hood_4_2,3927,hunter jacket_4_2,34986,hunter shoes_4_2,8211,knight helmet_4_2,3213,knight armor_4_2,29988,knight boots_4_2,14280,rootbound staff_4_2,217208
,cleric cowl_5_0,5728,cleric robe_5_0,12495,cleric sandals_5_0,3580,hunter hood_5_0,6981,hunter jacket_5_0,13923,hunter shoes_5_0,8413,knight helmet_5_0,5907,knight armor_5_0,13923,knight boots_5_0,7518,rootbound staff_5_0,139230
,cleric cowl_5_1,9282,cleric robe_5_1,22134,cleric sandals_5_1,13209,hunter hood_5_1,13566,hunter jacket_5_1,30702,hunter shoes_5_1,14280,knight helmet_5_1,9996,knight armor_5_1,24276,knight boots_5_1,13923,rootbound staff_5_1,188628
,cleric cowl_5_2,28560,cleric robe_5_2,41441,cleric sandals_5_2,40698,hunter hood_5_2,43554,hunter jacket_5_2,108604,hunter shoes_5_2,46410,knight helmet_5_2,53550,knight armor_5_2,88598,knight boots_5_2,47124,rootbound staff_5_2,297232
,cleric cowl_6_0,15351,cleric robe_6_0,42126,cleric sandals_6_0,16779,hunter hood_6_0,27489,hunter jacket_6_0,45696,hunter shoes_6_0,29631,knight helmet_6_0,19278,knight armor_6_0,43554,knight boots_6_0,19635,rootbound staff_6_0,277226
,cleric cowl_6_1,16422,cleric robe_6_1,75737,cleric sandals_6_1,47838,hunter hood_6_1,22134,hunter jacket_6_1,94314,hunter shoes_6_1,65688,knight helmet_6_1,40698,knight armor_6_1,88598,knight boots_6_1,55692,rootbound staff_6_1,194344
,cleric cowl_6_2,57160,cleric robe_6_2,268652,cleric sandals_6_2,65734,hunter hood_6_2,152903,hunter jacket_6_2,260078,hunter shoes_6_2,134326,knight helmet_6_2,148616,knight armor_6_2,342960,knight boots_6_2,148616,rootbound staff_6_2,274368
,cleric cowl_7_0,47838,cleric robe_7_0,121465,cleric sandals_7_0,79254,hunter hood_7_0,73542,hunter jacket_7_0,138613,hunter shoes_7_0,76398,knight helmet_7_0,54264,knight armor_7_0,98601,knight boots_7_0,59262,rootbound staff_7_0,371540
,cleric cowl_7_1,112891,cleric robe_7_1,282942,cleric sandals_7_1,165764,hunter hood_7_1,65734,hunter jacket_7_1,314380,hunter shoes_7_1,148616,knight helmet_7_1,134326,knight armor_7_1,308664,knight boots_7_1,124323,rootbound staff_7_1,988868
,cleric cowl_7_2,331528,cleric robe_7_2,760228,cleric sandals_7_2,357250,hunter hood_7_2,402978,hunter jacket_7_2,703068,hunter shoes_7_2,365824,knight helmet_7_2,282942,knight armor_7_2,314380,knight boots_7_2,380114,rootbound staff_7_2,1737512
,cleric cowl_8_0,104317,cleric robe_8_0,240072,cleric sandals_8_0,40012,hunter hood_8_0,127181,hunter jacket_8_0,274368,hunter shoes_8_0,135755,knight helmet_8_0,128610,knight armor_8_0,314380,knight boots_8_0,110033,rootbound staff_8_0,1143200
,cleric cowl_8_1,125752,cleric robe_8_1,251504,cleric sandals_8_1,434416,hunter hood_8_1,385830,hunter jacket_8_1,160048,hunter shoes_8_1,185770,knight helmet_8_1,208634,knight armor_8_1,354392,knight boots_8_1,320096,rootbound staff_8_1,1897546
,cleric cowl_8_2,651624,cleric robe_8_2,1040221,cleric sandals_8_2,485860,hunter hood_8_2,914560,hunter jacket_8_2,640136,hunter shoes_8_2,462996,knight helmet_8_2,348676,knight armor_8_2,1668926,knight boots_8_2,1091756,rootbound staff_8_2,3703644
,mage cowl_4_0,2492,mage robe_4_0,1790,mage sandals_4_0,4005,assassin hood_4_0,712,assassin jacket_4_0,3580,assassin shoes_4_0,2670,guardian helmet_4_0,2225,guardian armor_4_0,5191,guardian boots_4_0,1958,primal staff_4_0,9639
,mage cowl_4_1,2685,mage robe_4_1,6426,mage sandals_4_1,5728,assassin hood_4_1,3580,assassin jacket_4_1,8211,assassin shoes_4_1,5012,guardian helmet_4_1,3222,guardian armor_4_1,6069,guardian boots_4_1,3043,primal staff_4_1,138516
,mage cowl_4_2,9282,mage robe_4_2,18564,mage sandals_4_2,29274,assassin hood_4_2,8925,assassin jacket_4_2,25704,assassin shoes_4_2,12138,guardian helmet_4_2,8211,guardian armor_4_2,26418,guardian boots_4_2,3570,primal staff_4_2,190057
,mage cowl_5_0,4296,mage robe_5_0,12138,mage sandals_5_0,6981,assassin hood_5_0,7339,assassin jacket_5_0,12495,assassin shoes_5_0,8592,guardian helmet_5_0,5728,guardian armor_5_0,4998,guardian boots_5_0,5012,primal staff_5_0,119952
,mage cowl_5_1,11424,mage robe_5_1,24276,mage sandals_5_1,20706,assassin hood_5_1,4641,assassin jacket_5_1,25704,assassin shoes_5_1,12495,guardian helmet_5_1,13209,guardian armor_5_1,29274,guardian boots_5_1,15708,primal staff_5_1,91456
,mage cowl_5_2,11424,mage robe_5_2,81453,mage sandals_5_2,51408,assassin hood_5_2,50694,assassin jacket_5_2,87169,assassin shoes_5_2,58548,guardian helmet_5_2,52836,guardian armor_5_2,92885,guardian boots_5_2,42126,primal staff_5_2,154332
,mage cowl_6_0,18564,mage robe_6_0,44268,mage sandals_6_0,25704,assassin hood_6_0,25347,assassin jacket_6_0,47838,assassin shoes_6_0,27846,guardian helmet_6_0,20349,guardian armor_6_0,39984,guardian boots_6_0,21063,primal staff_6_0,288658
,mage cowl_6_1,30702,mage robe_6_1,65734,mage sandals_6_1,44982,assassin hood_6_1,51408,assassin jacket_6_1,67163,assassin shoes_6_1,54264,guardian helmet_6_1,50694,guardian armor_6_1,88598,guardian boots_6_1,44982,primal staff_6_1,234356
,mage cowl_6_2,60018,mage robe_6_2,182912,mage sandals_6_2,165764,assassin hood_6_2,140042,assassin jacket_6_2,297232,assassin shoes_6_2,77166,guardian helmet_6_2,161477,guardian armor_6_2,300090,guardian boots_6_2,147187,primal staff_6_2,834536
,mage cowl_7_0,42126,mage robe_7_0,118607,mage sandals_7_0,59262,assassin hood_7_0,80682,assassin jacket_7_0,144329,assassin shoes_7_0,69258,guardian helmet_7_0,22848,guardian armor_7_0,88598,guardian boots_7_0,61404,primal staff_7_0,425842
,mage cowl_7_1,125752,mage robe_7_1,257220,mage sandals_7_1,98601,assassin hood_7_1,155761,assassin jacket_7_1,325812,assassin shoes_7_1,142900,guardian helmet_7_1,144329,guardian armor_7_1,308664,guardian boots_7_1,148616,primal staff_7_1,828820
,mage cowl_7_2,302948,mage robe_7_2,342960,mage sandals_7_2,325812,assassin hood_7_2,354392,assassin jacket_7_2,823104,assassin shoes_7_2,105746,guardian helmet_7_2,317238,guardian armor_7_2,177196,guardian boots_7_2,331528,primal staff_7_2,1828960
,mage cowl_8_0,131468,mage robe_8_0,220066,mage sandals_8_0,180054,assassin hood_8_0,87169,assassin jacket_8_0,351534,assassin shoes_8_0,41441,guardian helmet_8_0,145758,guardian armor_8_0,300090,guardian boots_8_0,40012,primal staff_8_0,1286100
,mage cowl_8_1,265794,mage robe_8_1,468712,mage sandals_8_1,168622,assassin hood_8_1,302948,assassin jacket_8_1,394404,assassin shoes_8_1,288658,guardian helmet_8_1,277226,guardian armor_8_1,302948,guardian boots_8_1,31438,primal staff_8_1,1783236
,mage cowl_8_2,1148916,mage robe_8_2,960204,mage sandals_8_2,1086040,assassin hood_8_2,245788,assassin jacket_8_2,1508892,assassin shoes_8_2,966004,guardian helmet_8_2,1000300,guardian armor_8_2,605843,guardian boots_8_2,1086040,primal staff_8_2,3909402
,royal cowl_4_0,100016,royal robe_4_0,144504,royal sandals_4_0,109872,royal hood_4_0,68880,royal jacket_4_0,188435,royal shoes_4_0,70896,royal helmet_4_0,83664,royal armor_4_0,165689,royal boots_4_0,42784,bloodmoonstaff_4_0,254790
,royal cowl_4_1,129846,royal robe_4_1,133464,royal sandals_4_1,71154,royal hood_4_1,6633,royal jacket_4_1,157986,royal shoes_4_1,115374,royal helmet_4_1,33165,royal armor_4_1,165222,royal boots_4_1,119193,bloodmoonstaff_4_1,246024
,royal cowl_4_2,119700,royal robe_4_2,266409,royal sandals_4_2,51680,royal hood_4_2,149720,royal jacket_4_2,259578,royal shoes_4_2,93860,royal helmet_4_2,141740,royal armor_4_2,264891,royal boots_4_2,148200,bloodmoonstaff_4_2,235290
,royal cowl_5_0,232143,royal robe_5_0,410793,royal sandals_5_0,169034,royal hood_5_0,224338,royal jacket_5_0,454152,royal shoes_5_0,163013,royal helmet_5_0,245077,royal armor_5_0,418392,royal boots_5_0,249983,bloodmoonstaff_5_0,358986
,royal cowl_5_1,279792,royal robe_5_1,133464,royal sandals_5_1,134670,royal hood_5_1,231552,royal jacket_5_1,333660,royal shoes_5_1,264114,royal helmet_5_1,237984,royal armor_5_1,468732,royal boots_5_1,271350,bloodmoonstaff_5_1,381096
,royal cowl_5_2,399234,royal robe_5_2,405306,royal sandals_5_2,284625,royal hood_5_2,349899,royal jacket_5_2,429594,royal shoes_5_2,349899,royal helmet_5_2,192027,royal armor_5_2,270204,royal boots_5_2,349899,bloodmoonstaff_5_2,397716
,royal cowl_6_0,450129,royal robe_6_0,417924,royal sandals_6_0,407664,royal hood_6_0,424203,royal jacket_6_0,893000,royal shoes_6_0,440295,royal helmet_6_0,420180,royal armor_6_0,868889,royal boots_6_0,370116,bloodmoonstaff_6_0,400064
,royal cowl_6_1,481596,royal robe_6_1,898872,royal sandals_6_1,381900,royal hood_6_1,387528,royal jacket_6_1,948720,royal shoes_6_1,163212,royal helmet_6_1,506520,royal armor_6_1,865104,royal boots_6_1,521796,bloodmoonstaff_6_1,784460
,royal cowl_6_2,467544,royal robe_6_2,1360128,royal sandals_6_2,547998,royal hood_6_2,513084,royal jacket_6_2,1117248,royal shoes_6_2,517638,royal helmet_6_2,578358,royal armor_6_2,983664,royal boots_6_2,455400,bloodmoonstaff_6_2,680176
,royal cowl_7_0,492936,royal robe_7_0,1114464,royal sandals_7_0,739404,royal hood_7_0,895679,royal jacket_7_0,1580610,royal shoes_7_0,910860,royal helmet_7_0,855494,royal armor_7_0,1793144,royal boots_7_0,930506,bloodmoonstaff_7_0,896572
,royal cowl_7_1,1038768,royal robe_7_1,1896850,royal sandals_7_1,657672,royal hood_7_1,985704,royal jacket_7_1,1999730,royal shoes_7_1,1090224,royal helmet_7_1,1169016,royal armor_7_1,2076890,royal boots_7_1,1098264,bloodmoonstaff_7_1,1253850
,royal cowl_7_2,834900,royal robe_7_2,2319886,royal sandals_7_2,1111176,royal hood_7_2,1150644,royal jacket_7_2,497986,royal shoes_7_2,1129392,royal helmet_7_2,1220472,royal armor_7_2,2496003,royal boots_7_2,625416,bloodmoonstaff_7_2,2271302
,royal cowl_8_0,1468092,royal robe_8_0,1475236,royal sandals_8_0,2162846,royal hood_8_0,1460948,royal jacket_8_0,3954204,royal shoes_8_0,2277150,royal helmet_8_0,1246628,royal armor_8_0,225036,royal boots_8_0,1780642,bloodmoonstaff_8_0,1100176
,royal cowl_8_1,2150835,royal robe_8_1,4706760,royal sandals_8_1,462960,royal hood_8_1,1070595,royal jacket_8_1,2842060,royal shoes_8_1,1128465,royal helmet_8_1,723375,royal armor_8_1,4179500,royal boots_8_1,421165,bloodmoonstaff_8_1,2726320
,royal cowl_8_2,2593171,royal robe_8_2,3097230,royal sandals_8_2,2259156,royal hood_8_2,1481812,royal jacket_8_2,3789552,royal shoes_8_2,2338105,royal helmet_8_2,2259156,royal armor_8_2,4530458,royal boots_8_2,904877,bloodmoonstaff_8_2,3765105
,druid cowl_4_0,9632,druid robe_4_0,10927,druid sandals_4_0,6048,stalker hood_4_0,7056,stalker jacket_4_0,8920,stalker shoes_4_0,6944,graveguard helmet_4_0,4704,graveguard armor_4_0,3568,graveguard boots_4_0,5936,hellspawn staff_4_0,265000
,druid cowl_4_1,16884,druid robe_4_1,15276,druid sandals_4_1,12060,stalker hood_4_1,8241,stalker jacket_4_1,13668,stalker shoes_4_1,11055,graveguard helmet_4_1,7839,graveguard armor_4_1,15678,graveguard boots_4_1,10854,hellspawn staff_4_1,259248
,druid cowl_4_2,23940,druid robe_4_2,29601,druid sandals_4_2,26600,stalker hood_4_2,11020,stalker jacket_4_2,40227,stalker shoes_4_2,14440,graveguard helmet_4_2,17860,graveguard armor_4_2,39468,graveguard boots_4_2,3420,hellspawn staff_4_2,246065
,druid cowl_5_0,22077,druid robe_5_0,29055,druid sandals_5_0,13603,stalker hood_5_0,22969,stalker jacket_5_0,24585,stalker shoes_5_0,16725,graveguard helmet_5_0,12042,graveguard armor_5_0,22350,graveguard boots_5_0,23192,hellspawn staff_5_0,398750
,druid cowl_5_1,32562,druid robe_5_1,41808,druid sandals_5_1,23718,stalker hood_5_1,33366,stalker jacket_5_1,38592,stalker shoes_5_1,43818,graveguard helmet_5_1,17286,graveguard armor_5_1,18492,graveguard boots_5_1,31356,hellspawn staff_5_1,438195
,druid cowl_5_2,66792,druid robe_5_2,98670,druid sandals_5_2,69069,stalker hood_5_2,72105,stalker jacket_5_2,106260,stalker shoes_5_2,56925,graveguard helmet_5_2,61479,graveguard armor_5_2,100188,graveguard boots_5_2,57684,hellspawn staff_5_2,393704
,druid cowl_6_0,44700,druid robe_6_0,87514,druid sandals_6_0,48723,stalker hood_6_0,33972,stalker jacket_6_0,55366,stalker shoes_6_0,73755,graveguard helmet_6_0,31290,graveguard armor_6_0,65189,graveguard boots_6_0,60792,hellspawn staff_6_0,532713
,druid cowl_6_1,69948,druid robe_6_1,130248,druid sandals_6_1,84420,stalker hood_6_1,95676,stalker jacket_6_1,127032,stalker shoes_6_1,104520,graveguard helmet_6_1,73164,graveguard armor_6_1,114168,graveguard boots_6_1,94872,hellspawn staff_6_1,467551
,druid cowl_6_2,209484,druid robe_6_2,367356,druid sandals_6_2,189750,stalker hood_6_2,200376,stalker jacket_6_2,306636,stalker shoes_6_2,207966,graveguard helmet_6_2,118404,graveguard armor_6_2,388608,graveguard boots_6_2,75900,hellspawn staff_6_2,244332
,druid cowl_7_0,53580,druid robe_7_0,180386,druid sandals_7_0,93765,stalker hood_7_0,123234,stalker jacket_7_0,137522,stalker shoes_7_0,147345,graveguard helmet_7_0,77691,graveguard armor_7_0,137522,graveguard boots_7_0,83049,hellspawn staff_7_0,915183
,druid cowl_7_1,212256,druid robe_7_1,308640,druid sandals_7_1,217080,stalker hood_7_1,226728,stalker jacket_7_1,382585,stalker shoes_7_1,213864,graveguard helmet_7_1,173664,graveguard armor_7_1,308640,graveguard boots_7_1,184920,hellspawn staff_7_1,1202427
,druid cowl_7_2,373428,druid robe_7_2,868439,druid sandals_7_2,437184,stalker hood_7_2,106260,stalker jacket_7_2,898804,stalker shoes_7_2,379500,graveguard helmet_7_2,434148,graveguard armor_7_2,576935,graveguard boots_7_2,300564,hellspawn staff_7_2,1846064
,druid cowl_8_0,212534,druid robe_8_0,392920,druid sandals_8_0,160740,stalker hood_8_0,366130,stalker jacket_8_0,553660,stalker shoes_8_0,228608,graveguard helmet_8_0,141094,graveguard armor_8_0,317908,graveguard boots_8_0,294690,hellspawn staff_8_0,1330266
,druid cowl_8_1,639785,druid robe_8_1,540120,druid sandals_8_1,315070,stalker hood_8_1,540120,stalker jacket_8_1,996650,stalker shoes_8_1,932350,graveguard helmet_8_1,186470,graveguard armor_8_1,855190,graveguard boots_8_1,543335,hellspawn staff_8_1,1005952
,druid cowl_8_2,248993,druid robe_8_2,1846192,druid sandals_8_2,740906,stalker hood_8_2,728760,stalker jacket_8_2,1433228,stalker shoes_8_2,1214600,graveguard helmet_8_2,1269257,graveguard armor_8_2,2161988,graveguard boots_8_2,1530396,hellspawn staff_8_2,5511247
,fiend cowl_4_0,37752,fiend robe_4_0,8764,fiend sandals_4_0,7956,hellion hood_4_0,7956,hellion jacket_4_0,48828,hellion shoes_4_0,1716,demon helmet_4_0,6708,demon armor_4_0,12833,demon boots_4_0,28860,earthrune staff_4_0,60884
,fiend cowl_4_1,43788,fiend robe_4_1,13257,fiend sandals_4_1,9594,hellion hood_4_1,14268,hellion jacket_4_1,48118,hellion shoes_4_1,15744,demon helmet_4_1,15744,demon armor_4_1,16203,demon boots_4_1,28782,earthrune staff_4_1,44220
,fiend cowl_4_2,41128,fiend robe_4_2,11024,fiend sandals_4_2,10600,hellion hood_4_2,25864,hellion jacket_4_2,49184,hellion shoes_4_2,7632,demon helmet_4_2,18656,demon armor_4_2,1696,demon boots_4_2,28832,earthrune staff_4_2,59566
,fiend cowl_5_0,32239,fiend robe_5_0,55000,fiend sandals_5_0,26918,hellion hood_5_0,25979,hellion jacket_5_0,81250,hellion shoes_5_0,31926,demon helmet_5_0,29735,demon armor_5_0,48750,demon boots_5_0,74807,earthrune staff_5_0,149340
,fiend cowl_5_1,120786,fiend robe_5_1,96236,fiend sandals_5_1,36825,hellion hood_5_1,57447,hellion jacket_5_1,121768,hellion shoes_5_1,39280,demon helmet_5_1,47136,demon armor_5_1,49100,demon boots_5_1,102128,earthrune staff_5_1,88407
,fiend cowl_5_2,33072,fiend robe_5_2,108608,fiend sandals_5_2,35616,hellion hood_5_2,71232,hellion jacket_5_2,237580,hellion shoes_5_2,71232,demon helmet_5_2,65296,demon armor_5_2,86547,demon boots_5_2,159424,earthrune staff_5_2,188968
,fiend cowl_6_0,62500,fiend robe_6_0,61250,fiend sandals_6_0,24375,hellion hood_6_0,35000,hellion jacket_6_0,128750,hellion shoes_6_0,54375,demon helmet_6_0,49375,demon armor_6_0,80000,demon boots_6_0,96875,earthrune staff_6_0,145373
,fiend cowl_6_1,117840,fiend robe_6_1,119865,fiend sandals_6_1,65794,hellion hood_6_1,85434,hellion jacket_6_1,149340,hellion shoes_6_1,66776,demon helmet_6_1,85434,demon armor_6_1,163095,demon boots_6_1,131588,earthrune staff_6_1,187530
,fiend cowl_6_2,59395,fiend robe_6_2,247762,fiend sandals_6_2,142548,hellion hood_6_2,156124,hellion jacket_6_2,322430,hellion shoes_6_2,103517,demon helmet_6_2,120487,demon armor_6_2,329218,demon boots_6_2,285096,earthrune staff_6_2,591552
,fiend cowl_7_0,151250,fiend robe_7_0,227591,fiend sandals_7_0,150000,hellion hood_7_0,170000,hellion jacket_7_0,242597,hellion shoes_7_0,131250,demon helmet_7_0,113750,demon armor_7_0,152561,demon boots_7_0,146250,earthrune staff_7_0,589425
,fiend cowl_7_1,216150,fiend robe_7_1,298604,fiend sandals_7_1,139515,hellion hood_7_1,273135,hellion jacket_7_1,267172,hellion shoes_7_1,208290,demon helmet_7_1,137550,demon armor_7_1,369326,demon boots_7_1,231870,earthrune staff_7_1,878794
,fiend cowl_7_2,179882,fiend robe_7_2,746570,fiend sandals_7_2,437826,hellion hood_7_2,363158,hellion jacket_7_2,488664,hellion shoes_7_2,560010,demon helmet_7_2,407280,demon armor_7_2,1038411,demon boots_7_2,509100,earthrune staff_7_2,279344
,fiend cowl_8_0,415166,fiend robe_8_0,135027,fiend sandals_8_0,340136,hellion hood_8_0,387655,hellion jacket_8_0,1510302,hellion shoes_8_0,367647,demon helmet_8_0,367647,demon armor_8_0,795159,demon boots_8_0,330132,earthrune staff_8_0,267206
,fiend cowl_8_1,699362,fiend robe_8_1,644438,fiend sandals_8_1,774013,hellion hood_8_1,986179,hellion jacket_8_1,1791852,hellion shoes_8_1,161089,demon helmet_8_1,345752,demon armor_8_1,86449,demon boots_8_1,1045114,earthrune staff_8_1,2571960
,fiend cowl_8_2,420794,fiend robe_8_2,1683176,fiend sandals_8_2,861949,hellion hood_8_2,1126642,hellion jacket_8_2,2592634,hellion shoes_8_2,963754,demon helmet_8_2,895884,demon armor_8_2,2103970,demon boots_8_2,495451,earthrune staff_8_2,2333344
,cultist cowl_4_0,72078,cultist robe_4_0,25532,cultist sandals_4_0,29274,specter hood_4_0,30750,specter jacket_4_0,27496,specter shoes_4_0,14760,judicator helmet_4_0,19434,judicator armor_4_0,34370,judicator boots_4_0,16974,lightcaller_4_0,463281
,cultist cowl_4_1,75710,cultist robe_4_1,38860,cultist sandals_4_1,35845,specter hood_4_1,37855,specter jacket_4_1,27470,specter shoes_4_1,16415,judicator helmet_4_1,21775,judicator armor_4_1,36850,judicator boots_4_1,17755,lightcaller_4_1,209508
,cultist cowl_4_2,65792,cultist robe_4_2,37999,cultist sandals_4_2,21588,specter hood_4_2,15934,specter jacket_4_2,27729,specter shoes_4_2,15420,judicator helmet_4_2,20560,judicator armor_4_2,39026,judicator boots_4_2,20046,lightcaller_4_2,174384
,cultist cowl_5_0,123241,cultist robe_5_0,51064,cultist sandals_5_0,47136,specter hood_5_0,54992,specter jacket_5_0,28478,specter shoes_5_0,23077,judicator helmet_5_0,73650,judicator armor_5_0,90344,judicator boots_5_0,36825,lightcaller_5_0,743286
,cultist cowl_5_1,146730,cultist robe_5_1,75040,cultist sandals_5_1,86430,specter hood_5_1,125290,specter jacket_5_1,84420,specter shoes_5_1,50250,judicator helmet_5_1,94470,judicator armor_5_1,89780,judicator boots_5_1,62310,lightcaller_5_1,698360
,cultist cowl_5_2,157131,cultist robe_5_2,135564,cultist sandals_5_2,89349,specter hood_5_2,131456,specter jacket_5_2,98592,specter shoes_5_2,68809,judicator helmet_5_2,149942,judicator armor_5_2,258804,judicator boots_5_2,109889,lightcaller_5_2,802865
,cultist cowl_6_0,149264,cultist robe_6_0,108075,cultist sandals_6_0,64812,specter hood_6_0,103110,specter jacket_6_0,98250,specter shoes_6_0,71686,judicator helmet_6_0,82488,judicator armor_6_0,198465,judicator boots_6_0,78560,lightcaller_6_0,821227
,cultist cowl_6_1,192960,cultist robe_6_1,144666,cultist sandals_6_1,134000,specter hood_6_1,174200,specter jacket_6_1,160740,specter shoes_6_1,93800,judicator helmet_6_1,121940,judicator armor_6_1,332196,judicator boots_6_1,116580,lightcaller_6_1,254696
,cultist cowl_6_2,254696,cultist robe_6_2,357396,cultist sandals_6_2,291668,specter hood_6_2,238264,specter jacket_6_2,336856,specter shoes_6_2,82160,judicator helmet_6_2,248534,judicator armor_6_2,616200,judicator boots_6_2,209508,lightcaller_6_2,775180
,cultist cowl_7_0,345840,cultist robe_7_0,294675,cultist sandals_7_0,198465,specter hood_7_0,249555,specter jacket_7_0,282888,specter shoes_7_0,153270,judicator helmet_7_0,176850,judicator armor_7_0,440048,judicator boots_7_0,200430,lightcaller_7_0,1357400
,cultist cowl_7_1,358986,cultist robe_7_1,321480,cultist sandals_7_1,289332,specter hood_7_1,332196,specter jacket_7_1,407208,specter shoes_7_1,286653,judicator helmet_7_1,155382,judicator armor_7_1,696540,judicator boots_7_1,329517,lightcaller_7_1,1659632
,cultist cowl_7_2,669604,cultist robe_7_2,566904,cultist sandals_7_2,513500,specter hood_7_2,542256,specter jacket_7_2,920192,specter shoes_7_2,575120,judicator helmet_7_2,443664,judicator armor_7_2,1396720,judicator boots_7_2,0,lightcaller_7_2,1882580
,cultist cowl_8_0,675788,cultist robe_8_0,872349,cultist sandals_8_0,935102,specter hood_8_0,2243459,specter jacket_8_0,400809,specter shoes_8_0,408616,judicator helmet_8_0,699362,judicator armor_8_0,2035481,judicator boots_8_0,0,lightcaller_8_0,1574642
,cultist cowl_8_1,1987818,cultist robe_8_1,1382493,cultist sandals_8_1,509010,specter hood_8_1,2614704,specter jacket_8_1,589435,specter shoes_8_1,675108,judicator helmet_8_1,369702,judicator armor_8_1,2186268,judicator boots_8_1,254696,lightcaller_8_1,5652608
,cultist cowl_8_2,2563392,cultist robe_8_2,706576,cultist sandals_8_2,739440,specter hood_8_2,2497664,specter jacket_8_2,985920,specter shoes_8_2,377936,judicator helmet_8_2,361504,judicator armor_8_2,1478880,judicator boots_8_2,862680,lightcaller_8_2,6422920
,feyscale hat_4_0,14760,feyscale robe_4_0,432080,feyscale sandals_4_0,65436,mistwalker hood_4_0,20910,mistwalker jacket_4_0,208675,mistwalker shoes_4_0,22878,duskweaver helmet_4_0,17958,duskweaver armor_4_0,24059,duskweaver boots_4_0,24846,,
,feyscale hat_4_1,12730,feyscale robe_4_1,439520,feyscale sandals_4_1,93465,mistwalker hood_4_1,28140,mistwalker jacket_4_1,208370,mistwalker shoes_4_1,37855,duskweaver helmet_4_1,23785,duskweaver armor_4_1,28810,duskweaver boots_4_1,29145,,
,feyscale hat_4_2,8738,feyscale robe_4_2,289614,feyscale sandals_4_2,58596,mistwalker hood_4_2,28270,mistwalker jacket_4_2,144807,mistwalker shoes_4_2,36494,duskweaver helmet_4_2,18504,duskweaver armor_4_2,22594,duskweaver boots_4_2,29812,,
,feyscale hat_5_0,65794,feyscale robe_5_0,1030118,feyscale sandals_5_0,294109,mistwalker hood_5_0,131097,mistwalker jacket_5_0,721770,mistwalker shoes_5_0,138462,duskweaver helmet_5_0,74632,duskweaver armor_5_0,163994,duskweaver boots_5_0,37316,,
,feyscale hat_5_1,86430,feyscale robe_5_1,1197960,feyscale sandals_5_1,320930,mistwalker hood_5_1,211050,mistwalker jacket_5_1,655260,mistwalker shoes_5_1,103180,duskweaver helmet_5_1,38190,duskweaver armor_5_1,226460,duskweaver boots_5_1,94470,,
,feyscale hat_5_2,149942,feyscale robe_5_2,671658,feyscale sandals_5_2,346099,mistwalker hood_5_2,237237,mistwalker jacket_5_2,445718,mistwalker shoes_5_2,79079,duskweaver helmet_5_2,77025,duskweaver armor_5_2,371774,duskweaver boots_5_2,136591,,
,feyscale hat_6_0,118822,feyscale robe_6_0,1190790,feyscale sandals_6_0,320132,mistwalker hood_6_0,170868,mistwalker jacket_6_0,1235985,mistwalker shoes_6_0,142390,duskweaver helmet_6_0,78560,duskweaver armor_6_0,237765,duskweaver boots_6_0,81506,,
,feyscale hat_6_1,144720,feyscale robe_6_1,1326105,feyscale sandals_6_1,288100,mistwalker hood_6_1,359120,mistwalker jacket_6_1,1401117,mistwalker shoes_6_1,99160,duskweaver helmet_6_1,115240,duskweaver armor_6_1,313443,duskweaver boots_6_1,134000,,
,feyscale hat_6_2,297830,feyscale robe_6_2,1413152,feyscale sandals_6_2,0,mistwalker hood_6_2,199238,mistwalker jacket_6_2,1598012,mistwalker shoes_6_2,301938,duskweaver helmet_6_2,174590,duskweaver armor_6_2,394368,duskweaver boots_6_2,225940,,
,feyscale hat_7_0,247590,feyscale robe_7_0,1276925,feyscale sandals_7_0,255450,mistwalker hood_7_0,243660,mistwalker jacket_7_0,1878062,mistwalker shoes_7_0,212220,duskweaver helmet_7_0,178815,duskweaver armor_7_0,204308,duskweaver boots_7_0,192570,,
,feyscale hat_7_1,88407,feyscale robe_7_1,1291278,feyscale sandals_7_1,551874,mistwalker hood_7_1,484899,mistwalker jacket_7_1,1735992,mistwalker shoes_7_1,283974,duskweaver helmet_7_1,267900,duskweaver armor_7_1,525084,duskweaver boots_7_1,241110,,
,feyscale hat_7_2,624416,feyscale robe_7_2,1873248,feyscale sandals_7_2,369720,mistwalker hood_7_2,509392,mistwalker jacket_7_2,1725360,mistwalker shoes_7_2,201292,duskweaver helmet_7_2,517608,duskweaver armor_7_2,1043432,duskweaver boots_7_2,324532,,
,feyscale hat_8_0,475409,feyscale robe_8_0,1894019,feyscale sandals_8_0,1072617,mistwalker hood_8_0,664001,mistwalker jacket_8_0,4393181,mistwalker shoes_8_0,345752,duskweaver helmet_8_0,424332,duskweaver armor_8_0,1092401,duskweaver boots_8_0,895812,,
,feyscale hat_8_1,991230,feyscale robe_8_1,2411325,feyscale sandals_8_1,953724,mistwalker hood_8_1,964440,mistwalker jacket_8_1,4201064,mistwalker shoes_8_1,551874,duskweaver helmet_8_1,246468,duskweaver armor_8_1,803775,duskweaver boots_8_1,803700,,
,feyscale hat_8_2,640848,feyscale robe_8_2,1446016,feyscale sandals_8_2,1117376,mistwalker hood_8_2,1191320,mistwalker jacket_8_2,2004704,mistwalker shoes_8_2,1166672,duskweaver helmet_8_2,1100944,duskweaver armor_8_2,1018784,duskweaver boots_8_2,517608,,
,cowl of purity_4_0,76320,robe of purity_4_0,99216,sandals of purity_4_0,51728,hood of tenacity_4_0,19928,jacket of tenacity_4_0,42400,shoes of tenacity_4_0,8056,helmet of valor_4_0,66144,armor of valor_4_0,38160,boots of valor_4_0,53000,,
,cowl of purity_4_1,81726,robe of purity_4_1,99619,sandals of purity_4_1,52942,hood of tenacity_4_1,24158,jacket of tenacity_4_1,29783,shoes of tenacity_4_1,45232,helmet of valor_4_1,60138,armor of valor_4_1,33891,boots of valor_4_1,53456,,
,cowl of purity_4_2,51208,robe of purity_4_2,69200,sandals of purity_4_2,53284,hood of tenacity_4_2,22836,jacket of tenacity_4_2,30448,shoes of tenacity_4_2,27680,helmet of valor_4_2,56052,armor of valor_4_2,38752,boots of valor_4_2,35292,,
,cowl of purity_5_0,100912,robe of purity_5_0,105214,sandals of purity_5_0,55968,hood of tenacity_5_0,31376,jacket of tenacity_5_0,40728,shoes of tenacity_5_0,21200,helmet of valor_5_0,78016,armor of valor_5_0,49213,boots of valor_5_0,60208,,
,cowl of purity_5_1,100646,robe of purity_5_1,73944,sandals of purity_5_1,69836,hood of tenacity_5_1,31837,jacket of tenacity_5_1,94484,shoes of tenacity_5_1,48269,helmet of valor_5_1,79079,armor of valor_5_1,26702,boots of valor_5_1,60593,,
,cowl of purity_5_2,96880,robe of purity_5_2,174384,sandals of purity_5_2,63664,hood of tenacity_5_2,62280,jacket of tenacity_5_2,127328,shoes of tenacity_5_2,59512,helmet of valor_5_2,53976,armor of valor_5_2,94112,boots of valor_5_2,107952,,
,cowl of purity_6_0,98426,robe of purity_6_0,237580,sandals of purity_6_0,79759,hood of tenacity_6_0,59395,jacket of tenacity_6_0,81456,shoes of tenacity_6_0,45819,helmet of valor_6_0,88244,armor of valor_6_0,71274,boots of valor_6_0,84850,,
,cowl of purity_6_1,119132,robe of purity_6_1,295776,sandals of purity_6_1,102700,hood of tenacity_6_1,73944,jacket of tenacity_6_1,172536,shoes of tenacity_6_1,80106,helmet of valor_6_1,86268,armor of valor_6_1,61620,boots of valor_6_1,90376,,
,cowl of purity_6_2,130096,robe of purity_6_2,293461,sandals of purity_6_2,113488,hood of tenacity_6_2,127328,jacket of tenacity_6_2,276850,shoes of tenacity_6_2,80272,helmet of valor_6_2,138400,armor of valor_6_2,204869,boots of valor_6_2,146704,,
,cowl of purity_7_0,193458,robe of purity_7_0,332563,sandals of purity_7_0,183276,hood of tenacity_7_0,88244,jacket of tenacity_7_0,196823,shoes of tenacity_7_0,152730,helmet of valor_7_0,115396,armor of valor_7_0,162888,boots of valor_7_0,159518,,
,cowl of purity_7_1,250588,robe of purity_7_1,394368,sandals of purity_7_1,353288,hood of tenacity_7_1,201292,jacket of tenacity_7_1,312208,shoes of tenacity_7_1,193076,helmet of valor_7_1,193076,armor of valor_7_1,246480,boots of valor_7_1,312208,,
,cowl of purity_7_2,382053,robe of purity_7_2,697662,sandals of purity_7_2,204869,hood of tenacity_7_2,271313,jacket of tenacity_7_2,387590,shoes of tenacity_7_2,382053,helmet of valor_7_2,426349,armor of valor_7_2,797328,boots of valor_7_2,354368,,
,cowl of purity_8_0,1493140,robe of purity_8_0,570108,sandals of purity_8_0,787292,hood of tenacity_8_0,461516,jacket of tenacity_8_0,841588,shoes of tenacity_8_0,794079,helmet of valor_8_0,488664,armor of valor_8_0,732996,boots of valor_8_0,936606,,
,cowl of purity_8_1,1610336,robe of purity_8_1,180752,sandals of purity_8_1,1068080,hood of tenacity_8_1,435448,jacket of tenacity_8_1,328640,shoes of tenacity_8_1,665496,helmet of valor_8_1,764088,armor of valor_8_1,838032,boots of valor_8_1,1733576,,
,cowl of purity_8_2,1838284,robe of purity_8_2,1173844,sandals of purity_8_2,1528212,hood of tenacity_8_2,775180,jacket of tenacity_8_2,1107400,shoes of tenacity_8_2,1096326,helmet of valor_8_2,1040956,armor of valor_8_2,2281244,boots of valor_8_2,642292,,
